Metric,Value
AUC,0.48703703703703705
F1,0.5714285714285714
ACC,0.47368421052631576
ACC_0,0.25925925925925924
ACC_1,0.6666666666666666
Time,193.1291003227234
