{
  "source_validation": {
    "acc": 0.7966101694915254,
    "auc": 0.887218045112782,
    "f1": 0.85,
    "acc_0": 0.6190476190476191,
    "acc_1": 0.8947368421052632
  },
  "target_direct": {
    "acc": 0.6578947368421053,
    "auc": 0.6831999999999999,
    "f1": 0.7653429602888087,
    "acc_0": 0.2923076923076923,
    "acc_1": 0.848
  },
  "target_adapted": {
    "acc": 0.6578947368421053,
    "auc": 0.41956923076923075,
    "f1": 0.7936507936507936,
    "acc_0": 0.0,
    "acc_1": 1.0
  },
  "adaptation_info": {
    "method": "adaptive_jda",
    "subspace_dim": 