{
  "source_validation": {
    "acc": 0.8813559322033898,
    "auc": 0.9749373433583961,
    "f1": 0.9113924050632911,
    "acc_0": 0.7619047619047619,
    "acc_1": 0.9473684210526315
  },
  "target_direct": {
    "acc": 0.6578947368421053,
    "auc": 0.6803692307692307,
    "f1": 0.7670250896057348,
    "acc_0": 0.27692307692307694,
    "acc_1": 0.856
  },
  "target_adapted": {
    "acc": 0.6368421052631579,
    "auc": 0.7067076923076924,
    "f1": 0.6790697674418604,
    "acc_0": 0.7384615384615385,
    "acc_1": 0.584
  },
  "adaptation_info": {
    "method": "adaptive_coral",
    "initial_coral_loss": 0.013516617462459538,
    "final_coral_loss": 0.0008103196784535125,
    "improvement_percent": 94.00501138170064,
    "regularization": 0.001,
    "standardized": true,
    "transformation_matrix_condition": 3.875151461956649,
    "success": true,
    "best_regularization": 0.001,
    "regularization_candidates": [
      1e-08,
      3.593813663804626e-08,
      1.2915496650148827e-07,
      4.641588833612782e-07,
      1.6681005372000591e-06,
      5.994842503189409e-06,
      2.1544346900318867e-05,
      7.742636826811278e-05,
      0.0002782559402207126,
      0.001
    ],
    "n_trials": 10
  }
}