{
  "source_validation": {
    "acc": 0.8813559322033898,
    "auc": 0.9749373433583961,
    "f1": 0.9113924050632911,
    "acc_0": 0.7619047619047619,
    "acc_1": 0.9473684210526315
  },
  "target_direct": {
    "acc": 0.6578947368421053,
    "auc": 0.6803692307692307,
    "f1": 0.7670250896057348,
    "acc_0": 0.27692307692307694,
    "acc_1": 0.856
  },
  "target_adapted": {
    "acc": 0.6157894736842106,
    "auc": 0.6946461538461539,
    "f1": 0.6604651162790698,
    "acc_0": 0.7076923076923077,
    "acc_1": 0.568
  },
  "adaptation_info": {
    "method": "adaptive_mean_variance_alignment",
    "align_mean": true,
    "align_variance": true,
    "standardized": false,
    "initial_distances": {
      "mean_distance": 10.587492737986757,
      "var_distance": 129.68831719387475,
      "mean_relative_distance": 0.1126347752450286,
      "var_relative_distance": 0.403501751703337,
      "total_distance": 140.27580993186152
    },
    "final_distances": {
      "mean_distance": 4.770291279076322e-14,
      "var_distance": 1.862400219967474e-13,
      "mean_relative_distance": 5.074862381197258e-16,
      "var_relative_distance": 5.794521568246926e-16,
      "total_distance": 2.3394293478751063e-13
    },
    "mean_improvement_percent": 99.99999999999955,
    "var_improvement_percent": 99.99999999999984,
    "total_improvement_percent": 99.99999999999983,
    "best_strategy": {
      "align_mean": true,
      "align_variance": true,
      "name": "mean+variance"
    },
    "all_strategies_tested": [
      {
        "align_mean": true,
        "align_variance": true,
        "name": "mean+variance"
      },
      {
        "align_mean": true,
        "align_variance": false,
        "name": "mean_only"
      },
      {
        "align_mean": false,
        "align_variance": true,
        "name": "variance_only"
      },
      {
        "align_mean": false,
        "align_variance": false,
        "name": "no_alignment"
      }
    ]
  }
}