Metric,Train,Test
AUC,0.8376260357392434,0.5160493827160495
F1,0.8226600985221675,0.578125
ACC,0.7559322033898305,0.5263157894736842
ACC_0,0.5283018867924528,0.42592592592592593
ACC_1,0.8835978835978836,0.6166666666666667
Time,38.27908539772034,38.27908539772034
