acc,auc,f1,acc_0,acc_1,time
0.7457627118644068,0.7882205513784462,0.810126582278481,0.5714285714285714,0.8421052631578947,81.40946197509766
