Center,Samples,Features,Positive_Rate,Missing_Rate,Age_Mean,Age_Std,Male_Ratio
Cleveland,303,13,0.45874587458745875,0.0,54.43894389438944,9.038662442446743,0.6798679867986799
Hungarian,268,10,0.373134328358209,0.0,47.723880597014926,7.807507950055758,0.7276119402985075
VA,99,11,0.7878787878787878,0.0,59.72727272727273,8.044288355047113,0.9494949494949495
Switzerland,0,13,,,,,
Total,670,13,,0.0,,,
