acc,auc,f1,acc_0,acc_1,time
0.6271186440677966,0.6473495058400719,0.7405660377358491,0.2641509433962264,0.8306878306878307,78.65292930603027
