{
  "source_validation": {
    "acc": 0.8813559322033898,
    "auc": 0.9749373433583961,
    "f1": 0.9113924050632911,
    "acc_0": 0.7619047619047619,
    "acc_1": 0.9473684210526315
  },
  "target_direct": {
    "acc": 0.6578947368421053,
    "auc": 0.6803692307692307,
    "f1": 0.7670250896057348,
    "acc_0": 0.27692307692307694,
    "acc_1": 0.856
  },
  "target_adapted": {
    "acc": 0.3526315789473684,
    "auc": 0.633723076923077,
    "f1": 0.046511627906976744,
    "acc_0": 0.9846153846153847,
    "acc_1": 0.024
  },
  "adaptation_info": {
    "method": "mean_std",
    "initial_mmd": 0.004792892798033301,
    "final_mmd": 0.00543099407887574,
    "reduction": -13.313489529836245,
    "align_info": {
      "method": "mean_std_simple",
      "description": "单步均值-方差对齐"
    }
  }
}