accuracy,auc,f1,acc_0,acc_1,time
0.5526315789473685,0.5169230769230769,0.6382978723404256,0.46153846153846156,0.6,211.90739226341248
