Metric,Train_Scaled
AUC,0.8088615384615384
F1,0.8175675675675675
ACC,0.7157894736842105
ACC_0,0.23076923076923078
ACC_1,0.968
Time,38.31717300415039
