acc,auc,f1,acc_0,acc_1,time
0.5526315789473685,0.5876923076923076,0.711864406779661,0.0,0.84,0.2886016368865967
