{
  "source_validation": {
    "acc": 0.8813559322033898,
    "auc": 0.9749373433583961,
    "f1": 0.9113924050632911,
    "acc_0": 0.7619047619047619,
    "acc_1": 0.9473684210526315
  },
  "target_direct": {
    "acc": 0.6578947368421053,
    "auc": 0.6803692307692307,
    "f1": 0.7670250896057348,
    "acc_0": 0.27692307692307694,
    "acc_1": 0.856
  },
  "target_adapted": {
    "acc": 0.6368421052631579,
    "auc": 0.7092923076923077,
    "f1": 0.6820276497695853,
    "acc_0": 0.7230769230769231,
    "acc_1": 0.592
  },
  "adaptation_info": {
    "method": "coral",
    "initial_coral_loss": 0.013516617462459538,
    "final_coral_loss": 0.0008420674998431982,
    "improvement_percent": 93.77013145350958,
    "regularization": 1e-06,
    "standardized": true,
    "transformation_matrix_condition": 3.9119754532749074,
    "success": true
  },
  "source_cv": {
    "accuracy": {
      "mean": 0.6985057471264369,
      "std": 0.04717141111613905
    },
    "auc": {
      "mean": 0.7730196703880915,
      "std": 0.055952829943551385
    },
    "f1": {
      "mean": 0.7760154764647704,
      "std": 0.0319596045448551
    }
  }
}