Metric,Value
AUC,0.5157407407407408
F1,0.5826771653543307
ACC,0.5350877192982456
ACC_0,0.4444444444444444
ACC_1,0.6166666666666667
