Metric,Value
AUC,0.8383248477588101
F1,0.8215158924205379
ACC,0.752542372881356
ACC_0,0.5094339622641509
ACC_1,0.8888888888888888
