Metric,Train,Test
AUC,0.8781072177298592,0.7
F1,0.8513853904282116,0.875
ACC,0.8,0.7894736842105263
ACC_0,0.6320754716981132,0.2
ACC_1,0.8941798941798942,1.0
Time,38.54678773880005,38.54678773880005
