{
  "source_validation": {
    "acc": 0.7966101694915254,
    "auc": 0.887218045112782,
    "f1": 0.85,
    "acc_0": 0.6190476190476191,
    "acc_1": 0.8947368421052632
  },
  "target_direct": {
    "acc": 0.6578947368421053,
    "auc": 0.6831999999999999,
    "f1": 0.7653429602888087,
    "acc_0": 0.2923076923076923,
    "acc_1": 0.848
  },
  "target_adapted": {
    "acc": 0.6894736842105263,
    "auc": 0.6944,
    "f1": 0.7806691449814126,
    "acc_0": 0.4,
    "acc_1": 0.84
  },
  "adaptation_info": {
    "method": "adaptive_coral",
    "initial_coral_loss": 0.013516617462459538,
    "final_coral_loss": 0.0008103196784535125,
    "improvement_percent": 94.00501138170064,
    "regularization": 0.001,
    "standardized": true,
    "transformation_matrix_condition": 3.875151461956649,
    "success": true,
    "best_regularization": 0.001,
    "regularization_candidates": [
      1e-08,
      3.593813663804626e-08,
      1.2915496650148827e-07,
      4.641588833612782e-07,
      1.6681005372000591e-06,
      5.994842503189409e-06,
      2.1544346900318867e-05,
      7.742636826811278e-05,
      0.0002782559402207126,
      0.001
    ],
    "n_trials": 10
  }
}