Metric,A_AI4health
AUC,0.7682939003693721
F1,0.8101851851851852
ACC,0.7220338983050848
ACC_0,0.3584905660377358
ACC_1,0.9259259259259259
