Metric,B_Henan
AUC,0.6758153846153847
F1,0.7919463087248322
ACC,0.6736842105263158
ACC_0,0.15384615384615385
ACC_1,0.944
