Metric,C_Guangzhou
AUC,0.5857142857142856
F1,0.8484848484848485
ACC,0.7368421052631579
ACC_0,0.0
ACC_1,1.0
