Metric,Value
AUC,0.7040531097134871
F1,0.789587852494577
ACC,0.6711864406779661
ACC_0,0.1509433962264151
ACC_1,0.9629629629629629
Time,174.0781228542328
