{
  "validation_performance": {
    "acc": 0.7218045112781954,
    "auc": 0.694949494949495,
    "f1": 0.8229665071770335,
    "acc_0": 0.2222222222222222,
    "acc_1": 0.9772727272727273
  },
  "holdout_performance": {
    "acc": 0.5964912280701754,
    "auc": 0.4810810810810811,
    "f1": 0.7160493827160493,
    "acc_0": 0.25,
    "acc_1": 0.7837837837837838
  },
  "generalization_gap": {
    "auc_gap": 0.21386841386841388,
    "f1_gap": 0.10691712446098411,
    "acc_gap": 0.12531328320802004
  },
  "best_model_params": {
    "max_time": 180,
    "preset": "default",
    "ges_scoring": "roc",
    "max_models": 25,
    "n_repeats": 136,
    "ges_n_iterations": 35,
    "ignore_limits": false
  },
  "best_mmd_params": {
    "method_choice": "mean_std"
  }
}