source,target,source_acc,source_auc,source_f1,target_acc,target_auc,target_f1,target_acc_0,target_acc_1,direct_acc,direct_auc,direct_f1,direct_acc_0,direct_acc_1,tabpfn_time,align_time,inference_time,mean_diff_before,std_diff_before,mean_diff_after,std_diff_after
A_AI4health,C_Guangzhou,0.6779661016949152,0.7556390977443609,0.7323943661971831,0.5614035087719298,0.5209876543209877,0.5689655172413793,0.5740740740740741,0.55,0.5789473684210527,0.5277777777777778,0.5714285714285714,0.6296296296296297,0.5333333333333333,58.529900789260864,0.0072479248046875,29.446502208709717,0.24768779398913449,0.21672010971138178,0.11333864493669546,0.054150761391256186
