Metric,Value
AUC,0.9719135802469137
F1,0.7142857142857143
ACC,0.5789473684210527
ACC_0,0.1111111111111111
ACC_1,1.0
Time,268.865526676178
