Metric,Value
AUC,0.6428571428571428
F1,0.875
ACC,0.7894736842105263
ACC_0,0.2
ACC_1,1.0
Time,171.9146556854248
