acc,auc,f1,acc_0,acc_1,time
0.5526315789473685,0.5692307692307692,0.6530612244897959,0.38461538461538464,0.64,40.51295828819275
