acc,auc,f1,acc_0,acc_1,time
0.6677966101694915,0.7131376659678546,0.7923728813559322,0.09433962264150944,0.9894179894179894,1.9639892578125
