{
  "source_validation": {
    "acc": 0.7627118644067796,
    "auc": 0.8120300751879699,
    "f1": 0.825,
    "acc_0": 0.5714285714285714,
    "acc_1": 0.868421052631579
  },
  "target_direct": {
    "acc": 0.6842105263157895,
    "auc": 0.677046153846154,
    "f1": 0.782608695652174,
    "acc_0": 0.3384615384615385,
    "acc_1": 0.864
  },
  "target_adapted": {
    "acc": 0.6789473684210526,
    "auc": 0.6782769230769231,
    "f1": 0.784452296819788,
    "acc_0": 0.27692307692307694,
    "acc_1": 0.888
  },
  "adaptation_info": {
    "method": "coral",
    "initial_coral_loss": 0.013516617462459538,
    "final_coral_loss": 0.0008420674998431982,
    "improvement_percent": 93.77013145350958,
    "regularization": 1e-06,
    "standardized": true,
    "transformation_matrix_condition": 3.9119754532749074,
    "success": true
  },
  "source_cv": {
    "accuracy": {
      "mean": 0.725632183908046,
      "std": 0.07057518064916525
    },
    "auc": {
      "mean": 0.7859861775651249,
      "std": 0.0670561184698983
    },
    "f1": {
      "mean": 0.7978269189892111,
      "std": 0.05182572226775032
    }
  }
}