Metric,Value
AUC,0.6535384615384616
F1,0.7675276752767528
ACC,0.6684210526315789
ACC_0,0.35384615384615387
ACC_1,0.832
