{
  "best5": {
    "feature_type": "best5",
    "n_features": 5,
    "status": "success",
    "source_auc": 0.7987772461456671,
    "source_accuracy": 0.7218390804597702,
    "source_f1": 0.7945924956515457,
    "source_precision": 0.7545704716605242,
    "source_recall": 0.8461988304093568,
    "source_auc_std": 0.08254570821974215,
    "target_baseline_auc": 0.6979692307692307,
    "target_baseline_accuracy": 0.6631578947368421,
    "target_baseline_f1": 0.7762237762237763,
    "target_tca_auc": 0.7046153846153846,
    "target_tca_accuracy": 0.7052631578947368,
    "target_tca_f1": 0.8082191780821918,
    "tca_auc_improvement": 0.006646153846153968
  },
  "best3": {
    "feature_type": "best3",
    "n_features": 3,
    "status": "success",
    "source_auc": 0.7709011164274322,
    "source_accuracy": 0.7049425287356322,
    "source_f1": 0.7861572352907398,
    "source_precision": 0.7333960608422851,
    "source_recall": 0.8514619883040936,
    "source_auc_std": 0.08008851332812987,
    "target_baseline_auc": 0.6979692307692307,
    "target_baseline_accuracy": 0.6631578947368421,
    "target_baseline_f1": 0.7762237762237763,
    "target_tca_auc": 0.7046153846153846,
    "target_tca_accuracy": 0.7052631578947368,
    "target_tca_f1": 0.8082191780821918,
    "tca_auc_improvement": 0.006646153846153968
  },
  "best6": {
    "feature_type": "best6",
    "n_features": 6,
    "status": "success",
    "source_auc": 0.8152684742158426,
    "source_accuracy": 0.7285057471264369,
    "source_f1": 0.7983801150228697,
    "source_precision": 0.7614845778688489,
    "source_recall": 0.845906432748538,
    "source_auc_std": 0.057293338187639556,
    "target_baseline_auc": 0.6979692307692307,
    "target_baseline_accuracy": 0.6631578947368421,
    "target_baseline_f1": 0.7762237762237763,
    "target_tca_auc": 0.7046153846153846,
    "target_tca_accuracy": 0.7052631578947368,
    "target_tca_f1": 0.8082191780821918,
    "tca_auc_improvement": 0.006646153846153968
  },
  "best4": {
    "feature_type": "best4",
    "n_features": 4,
    "status": "success",
    "source_auc": 0.7660552897395002,
    "source_accuracy": 0.7187356321839081,
    "source_f1": 0.7958404082928159,
    "source_precision": 0.7428696741854636,
    "source_recall": 0.8619883040935672,
    "source_auc_std": 0.09229477110758758,
    "target_baseline_auc": 0.6979692307692307,
    "target_baseline_accuracy": 0.6631578947368421,
    "target_baseline_f1": 0.7762237762237763,
    "target_tca_auc": 0.7046153846153846,
    "target_tca_accuracy": 0.7052631578947368,
    "target_tca_f1": 0.8082191780821918,
    "tca_auc_improvement": 0.006646153846153968
  },
  "best7": {
    "feature_type": "best7",
    "n_features": 7,
    "status": "success",
    "source_auc": 0.8280435938330675,
    "source_accuracy": 0.7489655172413794,
    "source_f1": 0.8111816837333434,
    "source_precision": 0.7822188475812786,
    "source_recall": 0.8514619883040936,
    "source_auc_std": 0.049434801688052886,
    "target_baseline_auc": 0.6814769230769231,
    "target_baseline_accuracy": 0.6842105263157895,
    "target_baseline_f1": 0.782608695652174,
    "target_tca_auc": 0.6915692307692307,
    "target_tca_accuracy": 0.7157894736842105,
    "target_tca_f1": 0.8057553956834532,
    "tca_auc_improvement": 0.010092307692307623
  },
  "best8": {
    "feature_type": "best8",
    "n_features": 8,
    "status": "success",
    "source_auc": 0.8321796916533758,
    "source_accuracy": 0.7525287356321839,
    "source_f1": 0.815103785103785,
    "source_precision": 0.7832533632181968,
    "source_recall": 0.8567251461988304,
    "source_auc_std": 0.04345701517317691,
    "target_baseline_auc": 0.6979692307692307,
    "target_baseline_accuracy": 0.6631578947368421,
    "target_baseline_f1": 0.7762237762237763,
    "target_tca_auc": 0.7046153846153846,
    "target_tca_accuracy": 0.7052631578947368,
    "target_tca_f1": 0.8082191780821918,
    "tca_auc_improvement": 0.006646153846153968
  },
  "best9": {
    "feature_type": "best9",
    "n_features": 9,
    "status": "success",
    "source_auc": 0.8405316321105796,
    "source_accuracy": 0.7493103448275863,
    "source_f1": 0.8106737431814832,
    "source_precision": 0.7947699368428942,
    "source_recall": 0.8356725146198831,
    "source_auc_std": 0.03996733834875079,
    "target_baseline_auc": 0.6925538461538461,
    "target_baseline_accuracy": 0.6736842105263158,
    "target_baseline_f1": 0.7801418439716312,
    "target_tca_auc": 0.6812307692307693,
    "target_tca_accuracy": 0.6842105263157895,
    "target_tca_f1": 0.7945205479452054,
    "tca_auc_improvement": -0.01132307692307677
  },
  "best10": {
    "feature_type": "best10",
    "n_features": 10,
    "status": "success",
    "source_auc": 0.8429133439659754,
    "source_accuracy": 0.7795402298850574,
    "source_f1": 0.8351388662685195,
    "source_precision": 0.8101120414673046,
    "source_recall": 0.8675438596491227,
    "source_auc_std": 0.04224724743554339,
    "target_baseline_auc": 0.6594461538461538,
    "target_baseline_accuracy": 0.6631578947368421,
    "target_baseline_f1": 0.7714285714285715,
    "target_tca_auc": 0.6801230769230769,
    "target_tca_accuracy": 0.7,
    "target_tca_f1": 0.8041237113402062,
    "tca_auc_improvement": 0.020676923076923148
  },
  "best12": {
    "feature_type": "best12",
    "n_features": 12,
    "status": "success",
    "source_auc": 0.8381339712918662,
    "source_accuracy": 0.7695402298850575,
    "source_f1": 0.8276486617160936,
    "source_precision": 0.8025810421462595,
    "source_recall": 0.8619883040935672,
    "source_auc_std": 0.03906255377048105,
    "target_baseline_auc": 0.6979692307692307,
    "target_baseline_accuracy": 0.6631578947368421,
    "target_baseline_f1": 0.7762237762237763,
    "target_tca_auc": 0.7046153846153846,
    "target_tca_accuracy": 0.7052631578947368,
    "target_tca_f1": 0.8082191780821918,
    "tca_auc_improvement": 0.006646153846153968
  },
  "best11": {
    "feature_type": "best11",
    "n_features": 11,
    "status": "success",
    "source_auc": 0.8444231791600212,
    "source_accuracy": 0.7763218390804598,
    "source_f1": 0.8331925605417261,
    "source_precision": 0.806644132564613,
    "source_recall": 0.8675438596491227,
    "source_auc_std": 0.04447746967613793,
    "target_baseline_auc": 0.6979692307692307,
    "target_baseline_accuracy": 0.6631578947368421,
    "target_baseline_f1": 0.7762237762237763,
    "target_tca_auc": 0.7046153846153846,
    "target_tca_accuracy": 0.7052631578947368,
    "target_tca_f1": 0.8082191780821918,
    "tca_auc_improvement": 0.006646153846153968
  },
  "best15": {
    "feature_type": "best15",
    "n_features": 15,
    "status": "success",
    "source_auc": 0.8436629452418927,
    "source_accuracy": 0.7424137931034482,
    "source_f1": 0.8087245608895837,
    "source_precision": 0.783294688085878,
    "source_recall": 0.8461988304093568,
    "source_auc_std": 0.04809919918733267,
    "target_baseline_auc": 0.6979692307692307,
    "target_baseline_accuracy": 0.6631578947368421,
    "target_baseline_f1": 0.7762237762237763,
    "target_tca_auc": 0.7046153846153846,
    "target_tca_accuracy": 0.7052631578947368,
    "target_tca_f1": 0.8082191780821918,
    "tca_auc_improvement": 0.006646153846153968
  },
  "best20": {
    "feature_type": "best20",
    "n_features": 20,
    "status": "success",
    "source_auc": 0.8413716108452949,
    "source_accuracy": 0.7491954022988506,
    "source_f1": 0.8119218369599702,
    "source_precision": 0.7917503157915057,
    "source_recall": 0.8459064327485379,
    "source_auc_std": 0.04403740692978302,
    "target_baseline_auc": 0.6979692307692307,
    "target_baseline_accuracy": 0.6631578947368421,
    "target_baseline_f1": 0.7762237762237763,
    "target_tca_auc": 0.7046153846153846,
    "target_tca_accuracy": 0.7052631578947368,
    "target_tca_f1": 0.8082191780821918,
    "tca_auc_improvement": 0.006646153846153968
  },
  "best32": {
    "feature_type": "best32",