source,target,source_acc,source_auc,source_f1,target_acc,target_auc,target_f1,target_acc_0,target_acc_1,direct_acc,direct_auc,direct_f1,direct_acc_0,direct_acc_1,tabpfn_time,align_time,inference_time,mean_diff_before,std_diff_before,mean_diff_after,std_diff_after
A_AI4health,C_Guangzhou,0.6779661016949152,0.7556390977443609,0.7323943661971831,0.5467625899280576,0.5572984749455338,0.5333333333333333,0.7407407407407407,0.4235294117647059,0.5827338129496403,0.5588235294117648,0.618421052631579,0.6296296296296297,0.5529411764705883,58.164347648620605,0.006659269332885742,29.272319793701172,0.30216336656659637,0.24286825148112062,0.17911228930456166,0.09304017177696224
