Metric,Value
AUC,0.9210342417889587
F1,0.8844221105527639
ACC,0.8440677966101695
ACC_0,0.6886792452830188
ACC_1,0.9312169312169312
Time,334.8274438381195
