acc,auc,f1,acc_0,acc_1,time
0.4782608695652174,0.43939393939393934,0.6,0.18181818181818182,0.75,58.54648566246033
