{
  "source_validation": {
    "acc": 0.8813559322033898,
    "auc": 0.9749373433583961,
    "f1": 0.9113924050632911,
    "acc_0": 0.7619047619047619,
    "acc_1": 0.9473684210526315
  },
  "target_direct": {
    "acc": 0.6578947368421053,
    "auc": 0.6803692307692307,
    "f1": 0.7670250896057348,
    "acc_0": 0.27692307692307694,
    "acc_1": 0.856
  },
  "target_adapted": {
    "acc": 0.34210526315789475,
    "auc": 0.5730461538461538,
    "f1": 0.0,
    "acc_0": 1.0,
    "acc_1": 0.0
  },
  "adaptation_info": {
    "method": "jda",
    "subspace_dim": 7,
    "gamma": 1.0,
    "mu": 0.5,
    "max_iterations": 5,
    "actual_iterations": 4,
    "regularization": 0.001,
    "standardized": true,
    "initial_mmd": 0.03770894747678986,
    "final_mmd": 0.0038439711943591528,
    "improvement_percent": 89.80620926445866,
    "best_iteration": 1,
    "iteration_history": [
      {
        "iteration": 1,
        "mmd_before": 0.03770894747678986,
        "mmd_after": 0.0038439711943591528,
        "pseudo_label_distribution": [
          75,
          115
        ],
        "eigenvalues": [
          -7.89321866003567e-17,
          -4.5760201150106923e-17,
          -1.4763912748818485e-17,
          1.7987974614741576e-17,
          4.2689934071926015e-17,
          7.76811748099282e-17,
          9.104279543524445e-17
        ]
      },
      {
        "iteration": 2,
        "mmd_before": 0.038125927669476985,
        "mmd_after": 0.006761250276300552,
        "pseudo_label_distribution": [
          73,
          117
        ],
        "eigenvalues": [
          -8.43213011527766e-17,
          -3.990021671553699e-17,
          -1.9865457011440675e-17,
          6.800920814249959e-18,
          2.8129636799191266e-17,
          6.237345575337872e-17,
          7.578876033835324e-17
        ]
      },
      {
        "iteration": 3,
        "mmd_before": 0.03917115305458821,
        "mmd_after": 0.007054433231181042,
        "pseudo_label_distribution": [
          64,
          126
        ],
        "eigenvalues": [
          -7.413666448604126e-17,
          -5.353911952629989e-17,
          -3.018790934911306e-17,
          8.310922301975053e-18,
          5.327434356799565e-17,
          7.816465740058537e-17,
          1.0538646658983444e-16
        ]
      },
      {
        "iteration": 4,
        "mmd_before": 0.04022323682707892,
        "mmd_after": 0.008426283525598766,
        "pseudo_label_distribution": [
          59,
          131
        ],
        "eigenvalues": [
          -9.054078662704442e-17,
          -7.877222202725584e-17,
          -5.4926767942744685e-17,
          -3.217320156899634e-17,
          3.8716292961253445e-18,
          3.267650069640167e-17,
          8.567569055025891e-17
        ]
      }
    ],
    "final_pseudo_labels": [
      0,
      1,
      1,
      0,
      1,
      0,
      0,
      0,
      0,
      1,
      0,
      1,
      1,
      1,
      1,
      1,
      1,
      1,
      0,
      0,
      1,
      0,
      0,
      0,
      1,
      1,
      1,
      1,
      1,
      1,
      1,
      1,
      1,
      1,
      0,
      0,
      1,
      0,
      1,
      1,
      1,
      1,
      1,
      1,
      0,
      1,
      1,
      0,
      1,
      1,
      1,
      1,
      1,
      1,
      1,
      1,
      1,
      0,
      1,
      1,
      0,
      0,
      0,
      0,
      0,
      1,
      0,
      0,
      1,
      0,
      1,
      1,
      1,
      1,
      1,
      0,
      1,
      1,
      1,
      1,
      1,
      1,
      0,
      1,
      1,
      1,
      1,
      1,
      1,
      0,
      1,
      1,
      1,
      1,
      1,
      0,
      1,
      1,
      0,
      1,
      1,
      1,
      1,
      1,
      1,
      1,
      1,
      0,
      1,
      1,
      0,
      1,
      1,
      0,
      0,
      0,
      1,
      1,
      1,
      0,
      0,
      0,
      0,
      1,
      1,
      1,
      1,
      0,
      0,
      0,
      1,
      1,
      1,
      0,
      0,
      1,
      1,
      1,
      0,
      0,
      1,
      0,
      0,
      1,
      0,
      0,
      1,
      1,
      1,
      0,
      1,
      0,
      0,
      0,
      0,
      1,
      0,
      0,
      0,
      1,
      1,
      1,
      1,
      1,
      0,
      0,
      1,
      1,
      0,
      0,
      0,
      0,
      0,
      1,
      1,
      0,
      1,
      0,
      1,
      0,
      1,
      0,
      0,
      0,
      1,
      1,
      0,
      0,
      1,
      0
    ],
    "success": true
  }
}