Metric,AI4health,Henan,Guangzhou
AUC,0.8154009017584869,0.6529673104673105,0.4607638888888889
F1,0.8104858204334219,0.7625607795059964,0.5899136321195145
ACC,0.7429885057471264,0.631578947368421,0.471969696969697
ACC_0,0.5416500166500167,0.06388888888888888,0.17666666666666667
ACC_1,0.8612479393671343,0.925897435897436,0.7863095238095238
