accuracy,auc,f1,acc_0,acc_1,time
0.43478260869565216,0.40151515151515155,0.5517241379310345,0.18181818181818182,0.6666666666666666,193.6496660709381
