Metric,Test_Scaled
AUC,0.9043209876543211
F1,0.7317073170731707
ACC,0.6140350877192983
ACC_0,0.18518518518518517
ACC_1,1.0
Time,35.010560512542725
