acc,auc,f1,acc_0,acc_1,time
0.391304347826087,0.46212121212121215,0.5333333333333333,0.09090909090909091,0.6666666666666666,0.21931123733520508
