acc,auc,f1,acc_0,acc_1,time
0.711864406779661,0.7781954887218044,0.7951807228915663,0.42857142857142855,0.868421052631579,3.236562728881836
