source,target,lambda_coral,source_acc,source_auc,source_f1,target_acc,target_auc,target_f1,target_acc_0,target_acc_1,tabpfn_time,align_time,inference_time
A_AI4health,B_Henan,0.1,1.0,1.0,1.0,0.6578947368421053,0.6361846153846153,0.7936507936507936,0.0,1.0,60.607152700424194,0.7185633182525635,56.48814129829407
A_AI4health,C_Guangzhou,0.1,1.0,1.0,1.0,0.5263157894736842,0.46296296296296297,0.6896551724137931,0.0,1.0,59.07088327407837,0.2969810962677002,56.443235635757446
A_AI4health,B_Henan,1.0,1.0,1.0,1.0,0.6578947368421053,0.6369230769230769,0.7936507936507936,0.0,1.0,59.09675693511963,0.4911763668060303,56.58416748046875
A_AI4health,C_Guangzhou,1.0,1.0,1.0,1.0,0.5263157894736842,0.4617283950617284,0.6896551724137931,0.0,1.0,59.26842260360718,0.29766416549682617,56.48367619514465
A_AI4health,B_Henan,5.0,1.0,1.0,1.0,0.6578947368421053,0.6369230769230769,0.7936507936507936,0.0,1.0,59.13957691192627,0.4912869930267334,56.55602169036865
A_AI4health,C_Guangzhou,5.0,1.0,1.0,1.0,0.5263157894736842,0.46141975308641975,0.6896551724137931,0.0,1.0,59.31190085411072,0.2973635196685791,56.5091609954834
