source,target,method,acc,auc,f1,acc_0,acc_1,train_time,inference_time
A_AI4health,B_Henan,Original TabPFN,0.6052631578947368,0.6168615384615385,0.6753246753246753,0.5692307692307692,0.624,59.1963951587677,42.208409786224365
A_AI4health,C_Guangzhou,Original TabPFN,0.5614035087719298,0.5138888888888888,0.5535714285714286,0.6111111111111112,0.5166666666666667,59.18414783477783,42.28658175468445
A_AI4health,B_Henan,TabPFN-CORAL (λ=0.1),0.6578947368421053,0.6361846153846153,0.7936507936507936,0.0,1.0,61.32571601867676,56.48814129829407
A_AI4health,C_Guangzhou,TabPFN-CORAL (λ=0.1),0.5263157894736842,0.46296296296296297,0.6896551724137931,0.0,1.0,59.36786437034607,56.443235635757446
A_AI4health,B_Henan,TabPFN-CORAL (λ=1.0),0.6578947368421053,0.6369230769230769,0.7936507936507936,0.0,1.0,59.58793330192566,56.58416748046875
A_AI4health,C_Guangzhou,TabPFN-CORAL (λ=1.0),0.5263157894736842,0.4617283950617284,0.6896551724137931,0.0,1.0,59.566086769104004,56.48367619514465
A_AI4health,B_Henan,TabPFN-CORAL (λ=5.0),0.6578947368421053,0.6369230769230769,0.7936507936507936,0.0,1.0,59.630863904953,56.55602169036865
A_AI4health,C_Guangzhou,TabPFN-CORAL (λ=5.0),0.5263157894736842,0.46141975308641975,0.6896551724137931,0.0,1.0,59.6092643737793,56.5091609954834
