Metric,Value
AUC,0.8428571428571429
F1,0.9032258064516129
ACC,0.8421052631578947
ACC_0,0.4
ACC_1,1.0
