source,target,pseudo_acc,pseudo_auc,pseudo_f1,pseudo_acc_0,pseudo_acc_1,withlabels_acc,withlabels_auc,withlabels_f1,withlabels_acc_0,withlabels_acc_1,direct_acc,direct_auc,direct_f1
A_AI4health,B_Henan,0.5578947368421052,0.6402461538461539,0.5483870967741935,0.8461538461538461,0.408,0.5736842105263158,0.6247384615384616,0.6009852216748769,0.7384615384615385,0.488,0.5894736842105263,0.6103384615384614,0.6608695652173913
A_AI4health,C_Guangzhou,0.5964912280701754,0.5262345679012346,0.5740740740740741,0.6851851851851852,0.5166666666666667,0.5789473684210527,0.5126543209876544,0.5714285714285714,0.6296296296296297,0.5333333333333333,0.5789473684210527,0.5280864197530865,0.5714285714285714
