Stage,Count,Accuracy
T1N0M0,45,0.9111111111111111
T2N0M0,31,0.967741935483871
T2N1M0,12,0.9166666666666666
T1N1M0,10,0.9
T2N2M0,7,1.0
T1N2M0,6,1.0
