Metric,Value
AUC,0.8982153846153845
F1,0.8292682926829268
ACC,0.7421052631578947
ACC_0,0.3384615384615385
ACC_1,0.952
Time,200.7840964794159
