Metric,Mean,Std
AUC,0.8136174278937437,0.07264409401233025
F1,0.7959326825855108,0.054658572618017216
ACC,0.7260919540229884,0.06722593179253272
ACC_0,0.5234973359973359,0.15717497922862927
ACC_1,0.8435600308704023,0.07120524491014503
Time,2.8699522972106934,0.007811259067880162
