source,target,source_acc,source_auc,source_f1,target_acc,target_auc,target_f1,target_acc_0,target_acc_1,direct_acc,direct_auc,direct_f1,direct_acc_0,direct_acc_1,tabpfn_time,align_time,inference_time,mean_diff_before,std_diff_before,mean_diff_after,std_diff_after
A_AI4health,B_Henan,0.6949152542372882,0.7556390977443609,0.75,0.631578947368421,0.6216615384615385,0.717741935483871,0.47692307692307695,0.712,0.5894736842105263,0.6103384615384614,0.6608695652173913,0.5538461538461539,0.608,60.691749811172485,0.015332937240600586,28.10175323486328,0.19017176992924795,0.17755144092324354,0.09241939950863677,0.052397361317120056
A_AI4health,C_Guangzhou,0.6949152542372882,0.7556390977443609,0.75,0.5614035087719298,0.5212962962962963,0.5689655172413793,0.5740740740740741,0.55,0.5789473684210527,0.5280864197530865,0.5714285714285714,0.6296296296296297,0.5333333333333333,59.39031910896301,0.0191192626953125,28.139232397079468,0.24768779398913449,0.21672010971138178,0.11333864493669546,0.04940778003690643
