source,target,source_acc,source_auc,source_f1,target_acc,target_auc,target_f1,target_acc_0,target_acc_1,direct_acc,direct_auc,direct_f1,direct_acc_0,direct_acc_1,tabpfn_time,align_time,inference_time,mean_diff_before,std_diff_before,mean_diff_after,std_diff_after
A_AI4health,B_Henan,0.6779661016949152,0.7556390977443609,0.7323943661971831,0.631578947368421,0.6212923076923077,0.717741935483871,0.47692307692307695,0.712,0.5894736842105263,0.6095999999999998,0.6608695652173913,0.5538461538461539,0.608,58.7125461101532,0.027008533477783203,29.31914973258972,0.19017176992924795,0.17755144092324354,0.09241939950863677,0.052397361317120056
A_AI4health,C_Guangzhou,0.6779661016949152,0.7556390977443609,0.7323943661971831,0.5827338129496403,0.5557734204793028,0.6329113924050633,0.5740740740740741,0.5882352941176471,0.5827338129496403,0.5588235294117648,0.618421052631579,0.6296296296296297,0.5529411764705883,56.689476013183594,0.004416942596435547,29.33985948562622,0.30216336656659637,0.24286825148112062,0.1047536700873698,0.07110627511874534
