source,target,pseudo_acc,pseudo_auc,pseudo_f1,pseudo_acc_0,pseudo_acc_1,withlabels_acc,withlabels_auc,withlabels_f1,withlabels_acc_0,withlabels_acc_1,direct_acc,direct_auc,direct_f1
A_AI4health,C_Guangzhou,0.5755395683453237,0.544880174291939,0.6242038216560509,0.5740740740740741,0.5764705882352941,0.5755395683453237,0.5431372549019607,0.6242038216560509,0.5740740740740741,0.5764705882352941,0.5827338129496403,0.5588235294117648,0.618421052631579
