{
  "source_validation": {
    "acc": 0.7796610169491526,
    "auc": 0.8571428571428572,
    "f1": 0.8354430379746836,
    "acc_0": 0.6190476190476191,
    "acc_1": 0.868421052631579
  },
  "target_direct": {
    "acc": 0.6631578947368421,
    "auc": 0.6608,
    "f1": 0.7714285714285715,
    "acc_0": 0.27692307692307694,
    "acc_1": 0.864
  },
  "target_adapted": {
    "acc": 0.6526315789473685,
    "auc": 0.6456615384615385,
    "f1": 0.7573529411764706,
    "acc_0": 0.3230769230769231,
    "acc_1": 0.824
  },
  "adaptation_info": {
    "method": "coral",
    "initial_coral_loss": 0.016592464842574272,
    "final_coral_loss": 0.0011087739675860102,
    "improvement_percent": 93.3176054425559,
    "regularization": 1e-06,
    "standardized": true,
    "transformation_matrix_condition": 4.281645118031558,
    "success": true
  },
  "source_cv": {
    "accuracy": {
      "mean": 0.7594252873563219,
      "std": 0.07974402501565195
    },
    "auc": {
      "mean": 0.831398192450824,
      "std": 0.045632701593188496
    },
    "f1": {
      "mean": 0.8226607031371638,
      "std": 0.05531592903176528
    }
  }
}