{
  "source_validation": {
    "acc": 0.3333333333333333,
    "auc": 0.5,
    "f1": 0.5,
    "acc_0": 0.0,
    "acc_1": 0.5
  },
  "target_direct": {
    "acc": 0.6578947368421053,
    "auc": 0.6846769230769232,
    "f1": 0.7653429602888087,
    "acc_0": 0.2923076923076923,
    "acc_1": 0.848
  },
  "target_adapted": {
    "acc": 0.6842105263157895,
    "auc": 0.6866461538461538,
    "f1": 0.781021897810219,
    "acc_0": 0.35384615384615387,
    "acc_1": 0.856
  },
  "adaptation_info": {
    "method": "coral",
    "initial_coral_loss": 0.013516617462459518,
    "final_coral_loss": 0.0008420674998431637,
    "improvement_percent": 93.77013145350983,
    "regularization": 1e-06,
    "standardized": true,
    "transformation_matrix_condition": 3.9119754532748803,
    "success": true
  },
  "source_cv": {
    "accuracy": {
      "mean": 0.6985057471264369,
      "std": 0.04717141111613905
    },
    "auc": {
      "mean": 0.7730196703880915,
      "std": 0.055952829943551385
    },
    "f1": {
      "mean": 0.7760154764647704,
      "std": 0.0319596045448551
    }
  }
}