{
  "source_validation": {
    "acc": 0.8813559322033898,
    "auc": 0.9749373433583961,
    "f1": 0.9113924050632911,
    "acc_0": 0.7619047619047619,
    "acc_1": 0.9473684210526315
  },
  "target_direct": {
    "acc": 0.6578947368421053,
    "auc": 0.6803692307692307,
    "f1": 0.7670250896057348,
    "acc_0": 0.27692307692307694,
    "acc_1": 0.856
  },
  "target_adapted": {
    "acc": 0.34210526315789475,
    "auc": 0.49735384615384615,
    "f1": 0.0,
    "acc_0": 1.0,
    "acc_1": 0.0
  },
  "adaptation_info": {
    "method": "tca",
    "subspace_dim": 7,
    "gamma": 1.0,
    "regularization": 0.001,
    "standardized": true,
    "initial_mmd": 0.017170424622105867,
    "final_mmd": 0.005286257811860612,
    "improvement_percent": 69.21300475554413,
    "eigenvalues": [
      -3.561471219443472e-17,
      -2.6347955161729657e-17,
      -8.75616903799312e-18,
      6.7603162326002255e-18,
      1.5058612315423215e-17,
      2.7030196472231417e-17,
      3.702724548945901e-17
    ],
    "success": true
  }
}