{
  "source_validation": {
    "acc": 1.0,
    "auc": 1.0,
    "f1": 1.0,
    "acc_0": 1.0,
    "acc_1": 1.0
  },
  "target_direct": {
    "acc": 0.6473684210526316,
    "auc": 0.640123076923077,
    "f1": 0.7527675276752768,
    "acc_0": 0.3230769230769231,
    "acc_1": 0.816
  },
  "target_adapted": {
    "acc": 0.34210526315789475,
    "auc": 0.539076923076923,
    "f1": 0.0,
    "acc_0": 1.0,
    "acc_1": 0.0
  },
  "adaptation_info": {
    "method": "jda",
    "subspace_dim": 10,
    "gamma": 1.0,
    "mu": 0.5,
    "max_iterations": 5,
    "actual_iterations": 5,
    "regularization": 0.001,
    "standardized": true,
    "initial_mmd": 0.02855716404051828,
    "final_mmd": 0.0012034938240199982,
    "improvement_percent": 95.78566757429967,
    "best_iteration": 3,
    "iteration_history": [
      {
        "iteration": 1,
        "mmd_before": 0.02855716404051828,
        "mmd_after": 0.0020838811646840772,
        "pseudo_label_distribution": [
          58,
          132
        ],
        "eigenvalues": [
          -1.6583284709254083e-18,
          -1.3315905469374769e-18,
          -9.709462576926025e-19,
          -5.057803434628211e-19,
          4.4897035687820966e-20,
          4.431972089593983e-19,
          9.274062696061323e-19,
          1.1755652956900617e-18,
          1.479284468152302e-18,
          1.7791979964808845e-18
        ]
      },
      {
        "iteration": 2,
        "mmd_before": 0.029149204070759854,
        "mmd_after": 0.0019500004728697845,
        "pseudo_label_distribution": [
          78,
          112
        ],
        "eigenvalues": [
          -1.4400877165313953e-18,
          -1.17744317879453e-18,
          -8.189663529864278e-19,
          -6.395394217196861e-19,
          -1.856122204119864e-19,
          1.6865459389496006e-19,
          4.925415745192683e-19,
          8.741218763137193e-19,
          1.230166105995538e-18,
          1.4063766922936595e-18
        ]
      },
      {
        "iteration": 3,
        "mmd_before": 0.028371292020202128,
        "mmd_after": 0.0012034938240199982,
        "pseudo_label_distribution": [
          93,
          97
        ],
        "eigenvalues": [
          -1.5570414654142165e-18,
          -1.3798824487078358e-18,
          -9.470451977489293e-19,
          -7.05613659306408e-19,
          -3.299646362963961e-19,
          -1.884715368522739e-20,
          3.321108303674142e-19,
          7.318489688775458e-19,
          9.78587375492906e-19,
          1.346189728547254e-18
        ]
      },
      {
        "iteration": 4,
        "mmd_before": 0.02828277130728136,
        "mmd_after": 0.0012292456080091293,
        "pseudo_label_distribution": [
          110,
          80
        ],
        "eigenvalues": [
          -1.4053563319557118e-18,
          -1.0871485654533464e-18,
          -7.670095551045588e-19,
          -4.3191078331851735e-19,
          -9.756823232866934e-20,
          2.656619482073694e-19,
          6.754874587802299e-19,
          8.485077167662687e-19,
          1.1239888142346091e-18,
          1.2204420275582795e-18
        ]
      },
      {
        "iteration": 5,
        "mmd_before": 0.028435502431101135,
        "mmd_after": 0.0019035068044231807,
        "pseudo_label_distribution": [
          116,
          74
        ],
        "eigenvalues": [
          -1.4757336071240634e-18,
          -1.2874182564288213e-18,
          -8.902353763878857e-19,
          -6.191370139134089e-19,
          -3.2299575261062634e-19,
          1.9169356417771472e-20,
          4.553666990192384e-19,
          6.913180008184453e-19,
          1.0771100696903441e-18,
          1.287285868101441e-18
        ]
      }
    ],
    "final_pseudo_labels": [
      0,
      0,
      1,
      0,
      1,
      0,
      0,
      0,
      0,
      0,
      0,
      1,
      1,
      1,
      0,
      0,
      1,
      0,
      0,
      0,
      0,
      1,
      0,
      0,
      1,
      0,
      0,
      0,
      1,
      1,
      0,
      1,
      0,
      0,
      0,
      1,
      0,
      1,
      0,
      0,
      1,
      0,
      1,
      0,
      1,
      0,
      1,
      1,
      1,
      1,
      1,
      1,
      1,
      0,
      1,
      0,
      0,
      1,
      0,
      1,
      0,
      0,
      0,
      0,
      0,
      1,
      0,
      1,
      1,
      1,
      1,
      1,
      1,
      0,
      1,
      1,
      1,
      0,
      1,
      0,
      0,
      1,
      1,
      1,
      1,
      0,
      0,
      1,
      1,
      0,
      1,
      1,
      1,
      0,
      0,
      1,
      1,
      0,
      0,
      1,
      0,
      0,
      1,
      1,
      0,
      1,
      0,
      0,
      0,
      1,
      1,
      1,
      0,
      0,
      1,
      0,
      1,
      1,
      1,
      1,
      0,
      0,
      0,
      1,
      0,
      1,
      1,
      0,
      1,
      1,
      0,
      1,
      1,
      1,
      1,
      1,
      1,
      0,
      0,
      0,
      1,
      0,
      1,
      0,
      1,
      1,
      1,
      1,
      1,
      0,
      0,
      1,
      1,
      0,
      1,
      0,
      1,
      0,
      0,
      1,
      1,
      1,
      0,
      0,
      0,
      1,
      1,
      1,
      0,
      0,
      1,
      1,
      1,
      0,
      1,
      1,
      0,
      0,
      0,
      0,
      0,
      1,
      0,
      1,
      0,
      0,
      0,
      0,
      1,
      1
    ],
    "success": true
  }
}